accuracy,precision_spam,recall_spam,f1_spam,roc_auc
0.9871134020618557,0.9782608695652174,0.9183673469387755,0.9473684210526315,0.9925501173920895
