accuracy,precision_spam,recall_spam,f1_spam,roc_auc
0.9729381443298969,0.8468468468468469,0.9591836734693877,0.8995215311004785,0.9919932574799832
