accuracy,precision_spam,recall_spam,f1_spam,roc_auc
0.9922680412371134,0.9893617021276596,0.9489795918367347,0.96875,0.997336102582626
