model,accuracy,precision_spam,recall_spam,f1_spam,roc_auc
DistilBERT,0.9922680412371134,0.9893617021276596,0.9489795918367347,0.96875,0.997336102582626
Baseline (TFIDF+LinearSVC),0.9871134020618556,0.9782608695652174,0.9183673469387756,0.9473684210526316,0.9925501173920896
CNN,0.9729381443298968,0.8468468468468469,0.9591836734693876,0.8995215311004785,0.9919932574799832
